"ITTER107","Territorio","TIPO_DATO_CENERG","Tipo dato","DOTAZIONI_A","Fonte alimentazione","TIME","Seleziona periodo","Value","Flag Codes","Flags"
"IT","Italia","ENER_SOUR_EXP","spese delle famiglie per consumi energetici per fonte (migliaia di euro)","ALL","tutte le voci","2013","2013",42302968,,
"IT","Italia","ENER_SOUR_EXP","spese delle famiglie per consumi energetici per fonte (migliaia di euro)","H_OIL","gasolio","2013","2013",1694455,,
"IT","Italia","ENER_SOUR_EXP","spese delle famiglie per consumi energetici per fonte (migliaia di euro)","LPG","Gpl (Gas Petrolio Liquefatto)","2013","2013",2437978,,
"IT","Italia","ENER_SOUR_EXP","spese delle famiglie per consumi energetici per fonte (migliaia di euro)","ELECTR","energia elettrica","2013","2013",15035032,,
"IT","Italia","ENER_SOUR_EXP","spese delle famiglie per consumi energetici per fonte (migliaia di euro)","METAN","metano","2013","2013",21080936,,
"IT","Italia","ENER_SOUR_EXP_AV","spesa media effettiva delle famiglie per consumi energetici per fonte (euro)","H_OIL","gasolio","2013","2013",1398,,
"IT","Italia","ENER_SOUR_EXP_AV","spesa media effettiva delle famiglie per consumi energetici per fonte (euro)","LPG","Gpl (Gas Petrolio Liquefatto)","2013","2013",449,,
"IT","Italia","ENER_SOUR_EXP_AV","spesa media effettiva delle famiglie per consumi energetici per fonte (euro)","ELECTR","energia elettrica","2013","2013",581,,
"IT","Italia","ENER_SOUR_EXP_AV","spesa media effettiva delle famiglie per consumi energetici per fonte (euro)","METAN","metano","2013","2013",1004,,
"IT","Italia","ENER_SOUR_EXP_AV","spesa media effettiva delle famiglie per consumi energetici per fonte (euro)","FIREWOOD","legna","2013","2013",457,,
"IT","Italia","ENER_SOUR_EXP_AV","spesa media effettiva delle famiglie per consumi energetici per fonte (euro)","PELLETS","pellets","2013","2013",459,,
"IT","Italia","ENER_SOUR_EXP_MED","spesa mediana delle famiglie per consumi energetici per fonte (euro)","H_OIL","gasolio","2013","2013",1200,,
"IT","Italia","ENER_SOUR_EXP_MED","spesa mediana delle famiglie per consumi energetici per fonte (euro)","LPG","Gpl (Gas Petrolio Liquefatto)","2013","2013",250,,
"IT","Italia","ENER_SOUR_EXP_MED","spesa mediana delle famiglie per consumi energetici per fonte (euro)","ELECTR","energia elettrica","2013","2013",480,,
"IT","Italia","ENER_SOUR_EXP_MED","spesa mediana delle famiglie per consumi energetici per fonte (euro)","METAN","metano","2013","2013",900,,
"IT","Italia","ENER_SOUR_EXP_MED","spesa mediana delle famiglie per consumi energetici per fonte (euro)","FIREWOOD","legna","2013","2013",360,,
"IT","Italia","ENER_SOUR_EXP_MED","spesa mediana delle famiglie per consumi energetici per fonte (euro)","PELLETS","pellets","2013","2013",400,,
"ITC","Nord-ovest","ENER_SOUR_EXP","spese delle famiglie per consumi energetici per fonte (migliaia di euro)","ALL","tutte le voci","2013","2013",13160190,,
"ITC","Nord-ovest","ENER_SOUR_EXP","spese delle famiglie per consumi energetici per fonte (migliaia di euro)","H_OIL","gasolio","2013","2013",602165,,
"ITC","Nord-ovest","ENER_SOUR_EXP","spese delle famiglie per consumi energetici per fonte (migliaia di euro)","LPG","Gpl (Gas Petrolio Liquefatto)","2013","2013",392641,,
"ITC","Nord-ovest","ENER_SOUR_EXP","spese delle famiglie per consumi energetici per fonte (migliaia di euro)","ELECTR","energia elettrica","2013","2013",3834136,,
"ITC","Nord-ovest","ENER_SOUR_EXP","spese delle famiglie per consumi energetici per fonte (migliaia di euro)","METAN","metano","2013","2013",7951588,,
"ITC","Nord-ovest","ENER_SOUR_EXP_AV","spesa media effettiva delle famiglie per consumi energetici per fonte (euro)","H_OIL","gasolio","2013","2013",1478,,
"ITC","Nord-ovest","ENER_SOUR_EXP_AV","spesa media effettiva delle famiglie per consumi energetici per fonte (euro)","LPG","Gpl (Gas Petrolio Liquefatto)","2013","2013",558,,
"ITC","Nord-ovest","ENER_SOUR_EXP_AV","spesa media effettiva delle famiglie per consumi energetici per fonte (euro)","ELECTR","energia elettrica","2013","2013",526,,
"ITC","Nord-ovest","ENER_SOUR_EXP_AV","spesa media effettiva delle famiglie per consumi energetici per fonte (euro)","METAN","metano","2013","2013",1190,,
"ITC","Nord-ovest","ENER_SOUR_EXP_AV","spesa media effettiva delle famiglie per consumi energetici per fonte (euro)","FIREWOOD","legna","2013","2013",409,,
"ITC","Nord-ovest","ENER_SOUR_EXP_AV","spesa media effettiva delle famiglie per consumi energetici per fonte (euro)","PELLETS","pellets","2013","2013",458,,
"ITC1","Piemonte","ENER_SOUR_EXP","spese delle famiglie per consumi energetici per fonte (migliaia di euro)","ALL","tutte le voci","2013","2013",3724781,,
"ITC1","Piemonte","ENER_SOUR_EXP","spese delle famiglie per consumi energetici per fonte (migliaia di euro)","H_OIL","gasolio","2013","2013",202441,,
"ITC1","Piemonte","ENER_SOUR_EXP","spese delle famiglie per consumi energetici per fonte (migliaia di euro)","LPG","Gpl (Gas Petrolio Liquefatto)","2013","2013",193864,,
"ITC1","Piemonte","ENER_SOUR_EXP","spese delle famiglie per consumi energetici per fonte (migliaia di euro)","ELECTR","energia elettrica","2013","2013",1037748,,
"ITC1","Piemonte","ENER_SOUR_EXP","spese delle famiglie per consumi energetici per fonte (migliaia di euro)","METAN","metano","2013","2013",2144882,,
"ITC1","Piemonte","ENER_SOUR_EXP_AV","spesa media effettiva delle famiglie per consumi energetici per fonte (euro)","H_OIL","gasolio","2013","2013",1537,,
"ITC1","Piemonte","ENER_SOUR_EXP_AV","spesa media effettiva delle famiglie per consumi energetici per fonte (euro)","LPG","Gpl (Gas Petrolio Liquefatto)","2013","2013",651,,
"ITC1","Piemonte","ENER_SOUR_EXP_AV","spesa media effettiva delle famiglie per consumi energetici per fonte (euro)","ELECTR","energia elettrica","2013","2013",513,,
"ITC1","Piemonte","ENER_SOUR_EXP_AV","spesa media effettiva delle famiglie per consumi energetici per fonte (euro)","METAN","metano","2013","2013",1215,,
"ITC1","Piemonte","ENER_SOUR_EXP_AV","spesa media effettiva delle famiglie per consumi energetici per fonte (euro)","FIREWOOD","legna","2013","2013",452,,
"ITC1","Piemonte","ENER_SOUR_EXP_AV","spesa media effettiva delle famiglie per consumi energetici per fonte (euro)","PELLETS","pellets","2013","2013",514,,
"ITC2","Valle d'Aosta / Vallée d'Aoste","ENER_SOUR_EXP","spese delle famiglie per consumi energetici per fonte (migliaia di euro)","ALL","tutte le voci","2013","2013",127899,,
"ITC2","Valle d'Aosta / Vallée d'Aoste","ENER_SOUR_EXP","spese delle famiglie per consumi energetici per fonte (migliaia di euro)","H_OIL","gasolio","2013","2013",37226,,
"ITC2","Valle d'Aosta / Vallée d'Aoste","ENER_SOUR_EXP","spese delle famiglie per consumi energetici per fonte (migliaia di euro)","LPG","Gpl (Gas Petrolio Liquefatto)","2013","2013",20345,,
"ITC2","Valle d'Aosta / Vallée d'Aoste","ENER_SOUR_EXP","spese delle famiglie per consumi energetici per fonte (migliaia di euro)","ELECTR","energia elettrica","2013","2013",33427,,
"ITC2","Valle d'Aosta / Vallée d'Aoste","ENER_SOUR_EXP","spese delle famiglie per consumi energetici per fonte (migliaia di euro)","METAN","metano","2013","2013",26470,,
"ITC2","Valle d'Aosta / Vallée d'Aoste","ENER_SOUR_EXP_AV","spesa media effettiva delle famiglie per consumi energetici per fonte (euro)","H_OIL","gasolio","2013","2013",1616,,
"ITC2","Valle d'Aosta / Vallée d'Aoste","ENER_SOUR_EXP_AV","spesa media effettiva delle famiglie per consumi energetici per fonte (euro)","LPG","Gpl (Gas Petrolio Liquefatto)","2013","2013",523,,
"ITC2","Valle d'Aosta / Vallée d'Aoste","ENER_SOUR_EXP_AV","spesa media effettiva delle famiglie per consumi energetici per fonte (euro)","ELECTR","energia elettrica","2013","2013",545,,
"ITC2","Valle d'Aosta / Vallée d'Aoste","ENER_SOUR_EXP_AV","spesa media effettiva delle famiglie per consumi energetici per fonte (euro)","METAN","metano","2013","2013",1072,,
"ITC2","Valle d'Aosta / Vallée d'Aoste","ENER_SOUR_EXP_AV","spesa media effettiva delle famiglie per consumi energetici per fonte (euro)","FIREWOOD","legna","2013","2013",665,,
"ITC2","Valle d'Aosta / Vallée d'Aoste","ENER_SOUR_EXP_AV","spesa media effettiva delle famiglie per consumi energetici per fonte (euro)","PELLETS","pellets","2013","2013",514,,
"ITC3","Liguria","ENER_SOUR_EXP","spese delle famiglie per consumi energetici per fonte (migliaia di euro)","ALL","tutte le voci","2013","2013",1200124,,
"ITC3","Liguria","ENER_SOUR_EXP","spese delle famiglie per consumi energetici per fonte (migliaia di euro)","H_OIL","gasolio","2013","2013",55576,,
"ITC3","Liguria","ENER_SOUR_EXP","spese delle famiglie per consumi energetici per fonte (migliaia di euro)","LPG","Gpl (Gas Petrolio Liquefatto)","2013","2013",58680,,
"ITC3","Liguria","ENER_SOUR_EXP","spese delle famiglie per consumi energetici per fonte (migliaia di euro)","ELECTR","energia elettrica","2013","2013",364063,,
"ITC3","Liguria","ENER_SOUR_EXP","spese delle famiglie per consumi energetici per fonte (migliaia di euro)","METAN","metano","2013","2013",682408,,
"ITC3","Liguria","ENER_SOUR_EXP_AV","spesa media effettiva delle famiglie per consumi energetici per fonte (euro)","H_OIL","gasolio","2013","2013",998,,
"ITC3","Liguria","ENER_SOUR_EXP_AV","spesa media effettiva delle famiglie per consumi energetici per fonte (euro)","LPG","Gpl (Gas Petrolio Liquefatto)","2013","2013",510,,
"ITC3","Liguria","ENER_SOUR_EXP_AV","spesa media effettiva delle famiglie per consumi energetici per fonte (euro)","ELECTR","energia elettrica","2013","2013",461,,
"ITC3","Liguria","ENER_SOUR_EXP_AV","spesa media effettiva delle famiglie per consumi energetici per fonte (euro)","METAN","metano","2013","2013",989,,
"ITC3","Liguria","ENER_SOUR_EXP_AV","spesa media effettiva delle famiglie per consumi energetici per fonte (euro)","FIREWOOD","legna","2013","2013",501,,
"ITC3","Liguria","ENER_SOUR_EXP_AV","spesa media effettiva delle famiglie per consumi energetici per fonte (euro)","PELLETS","pellets","2013","2013",624,,
"ITC4","Lombardia","ENER_SOUR_EXP","spese delle famiglie per consumi energetici per fonte (migliaia di euro)","ALL","tutte le voci","2013","2013",8107385,,
"ITC4","Lombardia","ENER_SOUR_EXP","spese delle famiglie per consumi energetici per fonte (migliaia di euro)","H_OIL","gasolio","2013","2013",306923,,
"ITC4","Lombardia","ENER_SOUR_EXP","spese delle famiglie per consumi energetici per fonte (migliaia di euro)","LPG","Gpl (Gas Petrolio Liquefatto)","2013","2013",119751,,
"ITC4","Lombardia","ENER_SOUR_EXP","spese delle famiglie per consumi energetici per fonte (migliaia di euro)","ELECTR","energia elettrica","2013","2013",2398897,,
"ITC4","Lombardia","ENER_SOUR_EXP","spese delle famiglie per consumi energetici per fonte (migliaia di euro)","METAN","metano","2013","2013",5097828,,
"ITC4","Lombardia","ENER_SOUR_EXP_AV","spesa media effettiva delle famiglie per consumi energetici per fonte (euro)","H_OIL","gasolio","2013","2013",1558,,
"ITC4","Lombardia","ENER_SOUR_EXP_AV","spesa media effettiva delle famiglie per consumi energetici per fonte (euro)","LPG","Gpl (Gas Petrolio Liquefatto)","2013","2013",474,,
"ITC4","Lombardia","ENER_SOUR_EXP_AV","spesa media effettiva delle famiglie per consumi energetici per fonte (euro)","ELECTR","energia elettrica","2013","2013",544,,
"ITC4","Lombardia","ENER_SOUR_EXP_AV","spesa media effettiva delle famiglie per consumi energetici per fonte (euro)","METAN","metano","2013","2013",1212,,
"ITC4","Lombardia","ENER_SOUR_EXP_AV","spesa media effettiva delle famiglie per consumi energetici per fonte (euro)","FIREWOOD","legna","2013","2013",354,,
"ITC4","Lombardia","ENER_SOUR_EXP_AV","spesa media effettiva delle famiglie per consumi energetici per fonte (euro)","PELLETS","pellets","2013","2013",408,,
"ITD","Nord-est","ENER_SOUR_EXP","spese delle famiglie per consumi energetici per fonte (migliaia di euro)","ALL","tutte le voci","2013","2013",9561397,,
"ITD","Nord-est","ENER_SOUR_EXP","spese delle famiglie per consumi energetici per fonte (migliaia di euro)","H_OIL","gasolio","2013","2013",519916,,
"ITD","Nord-est","ENER_SOUR_EXP","spese delle famiglie per consumi energetici per fonte (migliaia di euro)","LPG","Gpl (Gas Petrolio Liquefatto)","2013","2013",462319,,
"ITD","Nord-est","ENER_SOUR_EXP","spese delle famiglie per consumi energetici per fonte (migliaia di euro)","ELECTR","energia elettrica","2013","2013",3002594,,
"ITD","Nord-est","ENER_SOUR_EXP","spese delle famiglie per consumi energetici per fonte (migliaia di euro)","METAN","metano","2013","2013",5145821,,
"ITD","Nord-est","ENER_SOUR_EXP_AV","spesa media effettiva delle famiglie per consumi energetici per fonte (euro)","H_OIL","gasolio","2013","2013",1739,,
"ITD","Nord-est","ENER_SOUR_EXP_AV","spesa media effettiva delle famiglie per consumi energetici per fonte (euro)","LPG","Gpl (Gas Petrolio Liquefatto)","2013","2013",688,,
"ITD","Nord-est","ENER_SOUR_EXP_AV","spesa media effettiva delle famiglie per consumi energetici per fonte (euro)","ELECTR","energia elettrica","2013","2013",593,,
"ITD","Nord-est","ENER_SOUR_EXP_AV","spesa media effettiva delle famiglie per consumi energetici per fonte (euro)","METAN","metano","2013","2013",1167,,
"ITD","Nord-est","ENER_SOUR_EXP_AV","spesa media effettiva delle famiglie per consumi energetici per fonte (euro)","FIREWOOD","legna","2013","2013",423,,
"ITD","Nord-est","ENER_SOUR_EXP_AV","spesa media effettiva delle famiglie per consumi energetici per fonte (euro)","PELLETS","pellets","2013","2013",486,,
"ITDA","Trentino Alto Adige / Südtirol","ENER_SOUR_EXP","spese delle famiglie per consumi energetici per fonte (migliaia di euro)","ALL","tutte le voci","2013","2013",762760,,
"ITDA","Trentino Alto Adige / Südtirol","ENER_SOUR_EXP","spese delle famiglie per consumi energetici per fonte (migliaia di euro)","H_OIL","gasolio","2013","2013",141308,,
"ITDA","Trentino Alto Adige / Südtirol","ENER_SOUR_EXP","spese delle famiglie per consumi energetici per fonte (migliaia di euro)","LPG","Gpl (Gas Petrolio Liquefatto)","2013","2013",37679,,
"ITDA","Trentino Alto Adige / Südtirol","ENER_SOUR_EXP","spese delle famiglie per consumi energetici per fonte (migliaia di euro)","ELECTR","energia elettrica","2013","2013",235349,,
"ITDA","Trentino Alto Adige / Südtirol","ENER_SOUR_EXP","spese delle famiglie per consumi energetici per fonte (migliaia di euro)","METAN","metano","2013","2013",293753,,
"ITDA","Trentino Alto Adige / Südtirol","ENER_SOUR_EXP_AV","spesa media effettiva delle famiglie per consumi energetici per fonte (euro)","H_OIL","gasolio","2013","2013",1538,,
"ITDA","Trentino Alto Adige / Südtirol","ENER_SOUR_EXP_AV","spesa media effettiva delle famiglie per consumi energetici per fonte (euro)","LPG","Gpl (Gas Petrolio Liquefatto)","2013","2013",340,,
"ITDA","Trentino Alto Adige / Südtirol","ENER_SOUR_EXP_AV","spesa media effettiva delle famiglie per consumi energetici per fonte (euro)","ELECTR","energia elettrica","2013","2013",533,,
"ITDA","Trentino Alto Adige / Südtirol","ENER_SOUR_EXP_AV","spesa media effettiva delle famiglie per consumi energetici per fonte (euro)","METAN","metano","2013","2013",1075,,
"ITDA","Trentino Alto Adige / Südtirol","ENER_SOUR_EXP_AV","spesa media effettiva delle famiglie per consumi energetici per fonte (euro)","FIREWOOD","legna","2013","2013",413,,
"ITDA","Trentino Alto Adige / Südtirol","ENER_SOUR_EXP_AV","spesa media effettiva delle famiglie per consumi energetici per fonte (euro)","PELLETS","pellets","2013","2013",511,,
"ITD1","Provincia Autonoma Bolzano / Bozen","ENER_SOUR_EXP","spese delle famiglie per consumi energetici per fonte (migliaia di euro)","ALL","tutte le voci","2013","2013",346754,,
"ITD1","Provincia Autonoma Bolzano / Bozen","ENER_SOUR_EXP","spese delle famiglie per consumi energetici per fonte (migliaia di euro)","H_OIL","gasolio","2013","2013",72564,,
"ITD1","Provincia Autonoma Bolzano / Bozen","ENER_SOUR_EXP","spese delle famiglie per consumi energetici per fonte (migliaia di euro)","LPG","Gpl (Gas Petrolio Liquefatto)","2013","2013",11236,,
"ITD1","Provincia Autonoma Bolzano / Bozen","ENER_SOUR_EXP","spese delle famiglie per consumi energetici per fonte (migliaia di euro)","ELECTR","energia elettrica","2013","2013",117543,,
"ITD1","Provincia Autonoma Bolzano / Bozen","ENER_SOUR_EXP","spese delle famiglie per consumi energetici per fonte (migliaia di euro)","METAN","metano","2013","2013",114733,,
"ITD1","Provincia Autonoma Bolzano / Bozen","ENER_SOUR_EXP_AV","spesa media effettiva delle famiglie per consumi energetici per fonte (euro)","H_OIL","gasolio","2013","2013",1534,,
"ITD1","Provincia Autonoma Bolzano / Bozen","ENER_SOUR_EXP_AV","spesa media effettiva delle famiglie per consumi energetici per fonte (euro)","LPG","Gpl (Gas Petrolio Liquefatto)","2013","2013",245,,
"ITD1","Provincia Autonoma Bolzano / Bozen","ENER_SOUR_EXP_AV","spesa media effettiva delle famiglie per consumi energetici per fonte (euro)","ELECTR","energia elettrica","2013","2013",556,,
"ITD1","Provincia Autonoma Bolzano / Bozen","ENER_SOUR_EXP_AV","spesa media effettiva delle famiglie per consumi energetici per fonte (euro)","METAN","metano","2013","2013",1049,,
"ITD1","Provincia Autonoma Bolzano / Bozen","ENER_SOUR_EXP_AV","spesa media effettiva delle famiglie per consumi energetici per fonte (euro)","FIREWOOD","legna","2013","2013",391,,
"ITD1","Provincia Autonoma Bolzano / Bozen","ENER_SOUR_EXP_AV","spesa media effettiva delle famiglie per consumi energetici per fonte (euro)","PELLETS","pellets","2013","2013",578,,
"ITD2","Provincia Autonoma Trento","ENER_SOUR_EXP","spese delle famiglie per consumi energetici per fonte (migliaia di euro)","ALL","tutte le voci","2013","2013",416007,,
"ITD2","Provincia Autonoma Trento","ENER_SOUR_EXP","spese delle famiglie per consumi energetici per fonte (migliaia di euro)","H_OIL","gasolio","2013","2013",68744,,
"ITD2","Provincia Autonoma Trento","ENER_SOUR_EXP","spese delle famiglie per consumi energetici per fonte (migliaia di euro)","LPG","Gpl (Gas Petrolio Liquefatto)","2013","2013",26443,,
"ITD2","Provincia Autonoma Trento","ENER_SOUR_EXP","spese delle famiglie per consumi energetici per fonte (migliaia di euro)","ELECTR","energia elettrica","2013","2013",117806,,
"ITD2","Provincia Autonoma Trento","ENER_SOUR_EXP","spese delle famiglie per consumi energetici per fonte (migliaia di euro)","METAN","metano","2013","2013",179020,,
"ITD2","Provincia Autonoma Trento","ENER_SOUR_EXP_AV","spesa media effettiva delle famiglie per consumi energetici per fonte (euro)","H_OIL","gasolio","2013","2013",1543,,
"ITD2","Provincia Autonoma Trento","ENER_SOUR_EXP_AV","spesa media effettiva delle famiglie per consumi energetici per fonte (euro)","LPG","Gpl (Gas Petrolio Liquefatto)","2013","2013",408,,
"ITD2","Provincia Autonoma Trento","ENER_SOUR_EXP_AV","spesa media effettiva delle famiglie per consumi energetici per fonte (euro)","ELECTR","energia elettrica","2013","2013",513,,
"ITD2","Provincia Autonoma Trento","ENER_SOUR_EXP_AV","spesa media effettiva delle famiglie per consumi energetici per fonte (euro)","METAN","metano","2013","2013",1092,,
"ITD2","Provincia Autonoma Trento","ENER_SOUR_EXP_AV","spesa media effettiva delle famiglie per consumi energetici per fonte (euro)","FIREWOOD","legna","2013","2013",443,,
"ITD2","Provincia Autonoma Trento","ENER_SOUR_EXP_AV","spesa media effettiva delle famiglie per consumi energetici per fonte (euro)","PELLETS","pellets","2013","2013",436,,
"ITD3","Veneto","ENER_SOUR_EXP","spese delle famiglie per consumi energetici per fonte (migliaia di euro)","ALL","tutte le voci","2013","2013",3954097,,
"ITD3","Veneto","ENER_SOUR_EXP","spese delle famiglie per consumi energetici per fonte (migliaia di euro)","H_OIL","gasolio","2013","2013",250645,,
"ITD3","Veneto","ENER_SOUR_EXP","spese delle famiglie per consumi energetici per fonte (migliaia di euro)","LPG","Gpl (Gas Petrolio Liquefatto)","2013","2013",215412,,
"ITD3","Veneto","ENER_SOUR_EXP","spese delle famiglie per consumi energetici per fonte (migliaia di euro)","ELECTR","energia elettrica","2013","2013",1284108,,
"ITD3","Veneto","ENER_SOUR_EXP","spese delle famiglie per consumi energetici per fonte (migliaia di euro)","METAN","metano","2013","2013",1988115,,
"ITD3","Veneto","ENER_SOUR_EXP_AV","spesa media effettiva delle famiglie per consumi energetici per fonte (euro)","H_OIL","gasolio","2013","2013",1750,,
"ITD3","Veneto","ENER_SOUR_EXP_AV","spesa media effettiva delle famiglie per consumi energetici per fonte (euro)","LPG","Gpl (Gas Petrolio Liquefatto)","2013","2013",721,,
"ITD3","Veneto","ENER_SOUR_EXP_AV","spesa media effettiva delle famiglie per consumi energetici per fonte (euro)","ELECTR","energia elettrica","2013","2013",624,,
"ITD3","Veneto","ENER_SOUR_EXP_AV","spesa media effettiva delle famiglie per consumi energetici per fonte (euro)","METAN","metano","2013","2013",1104,,
"ITD3","Veneto","ENER_SOUR_EXP_AV","spesa media effettiva delle famiglie per consumi energetici per fonte (euro)","FIREWOOD","legna","2013","2013",435,,
"ITD3","Veneto","ENER_SOUR_EXP_AV","spesa media effettiva delle famiglie per consumi energetici per fonte (euro)","PELLETS","pellets","2013","2013",524,,
"ITD4","Friuli-Venezia Giulia","ENER_SOUR_EXP","spese delle famiglie per consumi energetici per fonte (migliaia di euro)","ALL","tutte le voci","2013","2013",1010154,,
"ITD4","Friuli-Venezia Giulia","ENER_SOUR_EXP","spese delle famiglie per consumi energetici per fonte (migliaia di euro)","H_OIL","gasolio","2013","2013",78649,,
"ITD4","Friuli-Venezia Giulia","ENER_SOUR_EXP","spese delle famiglie per consumi energetici per fonte (migliaia di euro)","LPG","Gpl (Gas Petrolio Liquefatto)","2013","2013",56579,,
"ITD4","Friuli-Venezia Giulia","ENER_SOUR_EXP","spese delle famiglie per consumi energetici per fonte (migliaia di euro)","ELECTR","energia elettrica","2013","2013",297576,,
"ITD4","Friuli-Venezia Giulia","ENER_SOUR_EXP","spese delle famiglie per consumi energetici per fonte (migliaia di euro)","METAN","metano","2013","2013",508491,,
"ITD4","Friuli-Venezia Giulia","ENER_SOUR_EXP_AV","spesa media effettiva delle famiglie per consumi energetici per fonte (euro)","H_OIL","gasolio","2013","2013",1934,,
"ITD4","Friuli-Venezia Giulia","ENER_SOUR_EXP_AV","spesa media effettiva delle famiglie per consumi energetici per fonte (euro)","LPG","Gpl (Gas Petrolio Liquefatto)","2013","2013",543,,
"ITD4","Friuli-Venezia Giulia","ENER_SOUR_EXP_AV","spesa media effettiva delle famiglie per consumi energetici per fonte (euro)","ELECTR","energia elettrica","2013","2013",529,,
"ITD4","Friuli-Venezia Giulia","ENER_SOUR_EXP_AV","spesa media effettiva delle famiglie per consumi energetici per fonte (euro)","METAN","metano","2013","2013",1066,,
"ITD4","Friuli-Venezia Giulia","ENER_SOUR_EXP_AV","spesa media effettiva delle famiglie per consumi energetici per fonte (euro)","FIREWOOD","legna","2013","2013",454,,
"ITD4","Friuli-Venezia Giulia","ENER_SOUR_EXP_AV","spesa media effettiva delle famiglie per consumi energetici per fonte (euro)","PELLETS","pellets","2013","2013",434,,
"ITD5","Emilia-Romagna","ENER_SOUR_EXP","spese delle famiglie per consumi energetici per fonte (migliaia di euro)","ALL","tutte le voci","2013","2013",3834384,,
"ITD5","Emilia-Romagna","ENER_SOUR_EXP","spese delle famiglie per consumi energetici per fonte (migliaia di euro)","H_OIL","gasolio","2013","2013",49314,,
"ITD5","Emilia-Romagna","ENER_SOUR_EXP","spese delle famiglie per consumi energetici per fonte (migliaia di euro)","LPG","Gpl (Gas Petrolio Liquefatto)","2013","2013",152649,,
"ITD5","Emilia-Romagna","ENER_SOUR_EXP","spese delle famiglie per consumi energetici per fonte (migliaia di euro)","ELECTR","energia elettrica","2013","2013",1185561,,
"ITD5","Emilia-Romagna","ENER_SOUR_EXP","spese delle famiglie per consumi energetici per fonte (migliaia di euro)","METAN","metano","2013","2013",2355461,,
"ITD5","Emilia-Romagna","ENER_SOUR_EXP_AV","spesa media effettiva delle famiglie per consumi energetici per fonte (euro)","H_OIL","gasolio","2013","2013",2122,,
"ITD5","Emilia-Romagna","ENER_SOUR_EXP_AV","spesa media effettiva delle famiglie per consumi energetici per fonte (euro)","LPG","Gpl (Gas Petrolio Liquefatto)","2013","2013",966,,
"ITD5","Emilia-Romagna","ENER_SOUR_EXP_AV","spesa media effettiva delle famiglie per consumi energetici per fonte (euro)","ELECTR","energia elettrica","2013","2013",593,,
"ITD5","Emilia-Romagna","ENER_SOUR_EXP_AV","spesa media effettiva delle famiglie per consumi energetici per fonte (euro)","METAN","metano","2013","2013",1268,,
"ITD5","Emilia-Romagna","ENER_SOUR_EXP_AV","spesa media effettiva delle famiglie per consumi energetici per fonte (euro)","FIREWOOD","legna","2013","2013",381,,
"ITD5","Emilia-Romagna","ENER_SOUR_EXP_AV","spesa media effettiva delle famiglie per consumi energetici per fonte (euro)","PELLETS","pellets","2013","2013",435,,
"ITE","Centro","ENER_SOUR_EXP","spese delle famiglie per consumi energetici per fonte (migliaia di euro)","ALL","tutte le voci","2013","2013",8173318,,
"ITE","Centro","ENER_SOUR_EXP","spese delle famiglie per consumi energetici per fonte (migliaia di euro)","H_OIL","gasolio","2013","2013",270070,,
"ITE","Centro","ENER_SOUR_EXP","spese delle famiglie per consumi energetici per fonte (migliaia di euro)","LPG","Gpl (Gas Petrolio Liquefatto)","2013","2013",484398,,
"ITE","Centro","ENER_SOUR_EXP","spese delle famiglie per consumi energetici per fonte (migliaia di euro)","ELECTR","energia elettrica","2013","2013",3010721,,
"ITE","Centro","ENER_SOUR_EXP","spese delle famiglie per consumi energetici per fonte (migliaia di euro)","METAN","metano","2013","2013",3958511,,
"ITE","Centro","ENER_SOUR_EXP_AV","spesa media effettiva delle famiglie per consumi energetici per fonte (euro)","H_OIL","gasolio","2013","2013",1280,,
"ITE","Centro","ENER_SOUR_EXP_AV","spesa media effettiva delle famiglie per consumi energetici per fonte (euro)","LPG","Gpl (Gas Petrolio Liquefatto)","2013","2013",546,,
"ITE","Centro","ENER_SOUR_EXP_AV","spesa media effettiva delle famiglie per consumi energetici per fonte (euro)","ELECTR","energia elettrica","2013","2013",565,,
"ITE","Centro","ENER_SOUR_EXP_AV","spesa media effettiva delle famiglie per consumi energetici per fonte (euro)","METAN","metano","2013","2013",870,,
"ITE","Centro","ENER_SOUR_EXP_AV","spesa media effettiva delle famiglie per consumi energetici per fonte (euro)","FIREWOOD","legna","2013","2013",397,,
"ITE","Centro","ENER_SOUR_EXP_AV","spesa media effettiva delle famiglie per consumi energetici per fonte (euro)","PELLETS","pellets","2013","2013",419,,
"ITE1","Toscana","ENER_SOUR_EXP","spese delle famiglie per consumi energetici per fonte (migliaia di euro)","ALL","tutte le voci","2013","2013",2768507,,
"ITE1","Toscana","ENER_SOUR_EXP","spese delle famiglie per consumi energetici per fonte (migliaia di euro)","H_OIL","gasolio","2013","2013",127180,,
"ITE1","Toscana","ENER_SOUR_EXP","spese delle famiglie per consumi energetici per fonte (migliaia di euro)","LPG","Gpl (Gas Petrolio Liquefatto)","2013","2013",135410,,
"ITE1","Toscana","ENER_SOUR_EXP","spese delle famiglie per consumi energetici per fonte (migliaia di euro)","ELECTR","energia elettrica","2013","2013",954410,,
"ITE1","Toscana","ENER_SOUR_EXP","spese delle famiglie per consumi energetici per fonte (migliaia di euro)","METAN","metano","2013","2013",1394350,,
"ITE1","Toscana","ENER_SOUR_EXP_AV","spesa media effettiva delle famiglie per consumi energetici per fonte (euro)","H_OIL","gasolio","2013","2013",1608,,
"ITE1","Toscana","ENER_SOUR_EXP_AV","spesa media effettiva delle famiglie per consumi energetici per fonte (euro)","LPG","Gpl (Gas Petrolio Liquefatto)","2013","2013",479,,
"ITE1","Toscana","ENER_SOUR_EXP_AV","spesa media effettiva delle famiglie per consumi energetici per fonte (euro)","ELECTR","energia elettrica","2013","2013",580,,
"ITE1","Toscana","ENER_SOUR_EXP_AV","spesa media effettiva delle famiglie per consumi energetici per fonte (euro)","METAN","metano","2013","2013",997,,
"ITE1","Toscana","ENER_SOUR_EXP_AV","spesa media effettiva delle famiglie per consumi energetici per fonte (euro)","FIREWOOD","legna","2013","2013",421,,
"ITE1","Toscana","ENER_SOUR_EXP_AV","spesa media effettiva delle famiglie per consumi energetici per fonte (euro)","PELLETS","pellets","2013","2013",407,,
"ITE2","Umbria","ENER_SOUR_EXP","spese delle famiglie per consumi energetici per fonte (migliaia di euro)","ALL","tutte le voci","2013","2013",651324,,
"ITE2","Umbria","ENER_SOUR_EXP","spese delle famiglie per consumi energetici per fonte (migliaia di euro)","H_OIL","gasolio","2013","2013",23699,,
"ITE2","Umbria","ENER_SOUR_EXP","spese delle famiglie per consumi energetici per fonte (migliaia di euro)","LPG","Gpl (Gas Petrolio Liquefatto)","2013","2013",54821,,
"ITE2","Umbria","ENER_SOUR_EXP","spese delle famiglie per consumi energetici per fonte (migliaia di euro)","ELECTR","energia elettrica","2013","2013",226816,,
"ITE2","Umbria","ENER_SOUR_EXP","spese delle famiglie per consumi energetici per fonte (migliaia di euro)","METAN","metano","2013","2013",269213,,
"ITE2","Umbria","ENER_SOUR_EXP_AV","spesa media effettiva delle famiglie per consumi energetici per fonte (euro)","H_OIL","gasolio","2013","2013",1057,,
"ITE2","Umbria","ENER_SOUR_EXP_AV","spesa media effettiva delle famiglie per consumi energetici per fonte (euro)","LPG","Gpl (Gas Petrolio Liquefatto)","2013","2013",520,,
"ITE2","Umbria","ENER_SOUR_EXP_AV","spesa media effettiva delle famiglie per consumi energetici per fonte (euro)","ELECTR","energia elettrica","2013","2013",586,,
"ITE2","Umbria","ENER_SOUR_EXP_AV","spesa media effettiva delle famiglie per consumi energetici per fonte (euro)","METAN","metano","2013","2013",920,,
"ITE2","Umbria","ENER_SOUR_EXP_AV","spesa media effettiva delle famiglie per consumi energetici per fonte (euro)","FIREWOOD","legna","2013","2013",414,,
"ITE2","Umbria","ENER_SOUR_EXP_AV","spesa media effettiva delle famiglie per consumi energetici per fonte (euro)","PELLETS","pellets","2013","2013",443,,
"ITE3","Marche","ENER_SOUR_EXP","spese delle famiglie per consumi energetici per fonte (migliaia di euro)","ALL","tutte le voci","2013","2013",1059778,,
"ITE3","Marche","ENER_SOUR_EXP","spese delle famiglie per consumi energetici per fonte (migliaia di euro)","H_OIL","gasolio","2013","2013",20561,,
"ITE3","Marche","ENER_SOUR_EXP","spese delle famiglie per consumi energetici per fonte (migliaia di euro)","LPG","Gpl (Gas Petrolio Liquefatto)","2013","2013",74256,,
"ITE3","Marche","ENER_SOUR_EXP","spese delle famiglie per consumi energetici per fonte (migliaia di euro)","ELECTR","energia elettrica","2013","2013",358593,,
"ITE3","Marche","ENER_SOUR_EXP","spese delle famiglie per consumi energetici per fonte (migliaia di euro)","METAN","metano","2013","2013",555524,,
"ITE3","Marche","ENER_SOUR_EXP_AV","spesa media effettiva delle famiglie per consumi energetici per fonte (euro)","H_OIL","gasolio","2013","2013",1681,,
"ITE3","Marche","ENER_SOUR_EXP_AV","spesa media effettiva delle famiglie per consumi energetici per fonte (euro)","LPG","Gpl (Gas Petrolio Liquefatto)","2013","2013",677,,
"ITE3","Marche","ENER_SOUR_EXP_AV","spesa media effettiva delle famiglie per consumi energetici per fonte (euro)","ELECTR","energia elettrica","2013","2013",557,,
"ITE3","Marche","ENER_SOUR_EXP_AV","spesa media effettiva delle famiglie per consumi energetici per fonte (euro)","METAN","metano","2013","2013",1002,,
"ITE3","Marche","ENER_SOUR_EXP_AV","spesa media effettiva delle famiglie per consumi energetici per fonte (euro)","FIREWOOD","legna","2013","2013",360,,
"ITE3","Marche","ENER_SOUR_EXP_AV","spesa media effettiva delle famiglie per consumi energetici per fonte (euro)","PELLETS","pellets","2013","2013",487,,
"ITE4","Lazio","ENER_SOUR_EXP","spese delle famiglie per consumi energetici per fonte (migliaia di euro)","ALL","tutte le voci","2013","2013",3693710,,
"ITE4","Lazio","ENER_SOUR_EXP","spese delle famiglie per consumi energetici per fonte (migliaia di euro)","H_OIL","gasolio","2013","2013",98630,,
"ITE4","Lazio","ENER_SOUR_EXP","spese delle famiglie per consumi energetici per fonte (migliaia di euro)","LPG","Gpl (Gas Petrolio Liquefatto)","2013","2013",219912,,
"ITE4","Lazio","ENER_SOUR_EXP","spese delle famiglie per consumi energetici per fonte (migliaia di euro)","ELECTR","energia elettrica","2013","2013",1470901,,
"ITE4","Lazio","ENER_SOUR_EXP","spese delle famiglie per consumi energetici per fonte (migliaia di euro)","METAN","metano","2013","2013",1739425,,
"ITE4","Lazio","ENER_SOUR_EXP_AV","spesa media effettiva delle famiglie per consumi energetici per fonte (euro)","H_OIL","gasolio","2013","2013",1013,,
"ITE4","Lazio","ENER_SOUR_EXP_AV","spesa media effettiva delle famiglie per consumi energetici per fonte (euro)","LPG","Gpl (Gas Petrolio Liquefatto)","2013","2013",564,,
"ITE4","Lazio","ENER_SOUR_EXP_AV","spesa media effettiva delle famiglie per consumi energetici per fonte (euro)","ELECTR","energia elettrica","2013","2013",555,,
"ITE4","Lazio","ENER_SOUR_EXP_AV","spesa media effettiva delle famiglie per consumi energetici per fonte (euro)","METAN","metano","2013","2013",755,,
"ITE4","Lazio","ENER_SOUR_EXP_AV","spesa media effettiva delle famiglie per consumi energetici per fonte (euro)","FIREWOOD","legna","2013","2013",383,,
"ITE4","Lazio","ENER_SOUR_EXP_AV","spesa media effettiva delle famiglie per consumi energetici per fonte (euro)","PELLETS","pellets","2013","2013",370,,
"ITFG","Mezzogiorno","ENER_SOUR_EXP","spese delle famiglie per consumi energetici per fonte (migliaia di euro)","ALL","tutte le voci","2013","2013",11408063,,
"ITFG","Mezzogiorno","ENER_SOUR_EXP","spese delle famiglie per consumi energetici per fonte (migliaia di euro)","H_OIL","gasolio","2013","2013",302303,,
"ITFG","Mezzogiorno","ENER_SOUR_EXP","spese delle famiglie per consumi energetici per fonte (migliaia di euro)","LPG","Gpl (Gas Petrolio Liquefatto)","2013","2013",1098621,,
"ITFG","Mezzogiorno","ENER_SOUR_EXP","spese delle famiglie per consumi energetici per fonte (migliaia di euro)","ELECTR","energia elettrica","2013","2013",5187581,,
"ITFG","Mezzogiorno","ENER_SOUR_EXP","spese delle famiglie per consumi energetici per fonte (migliaia di euro)","METAN","metano","2013","2013",4025016,,
"ITFG","Mezzogiorno","ENER_SOUR_EXP_AV","spesa media effettiva delle famiglie per consumi energetici per fonte (euro)","H_OIL","gasolio","2013","2013",1026,,
"ITFG","Mezzogiorno","ENER_SOUR_EXP_AV","spesa media effettiva delle famiglie per consumi energetici per fonte (euro)","LPG","Gpl (Gas Petrolio Liquefatto)","2013","2013",347,,
"ITFG","Mezzogiorno","ENER_SOUR_EXP_AV","spesa media effettiva delle famiglie per consumi energetici per fonte (euro)","ELECTR","energia elettrica","2013","2013",633,,
"ITFG","Mezzogiorno","ENER_SOUR_EXP_AV","spesa media effettiva delle famiglie per consumi energetici per fonte (euro)","METAN","metano","2013","2013",752,,
"ITFG","Mezzogiorno","ENER_SOUR_EXP_AV","spesa media effettiva delle famiglie per consumi energetici per fonte (euro)","FIREWOOD","legna","2013","2013",546,,
"ITFG","Mezzogiorno","ENER_SOUR_EXP_AV","spesa media effettiva delle famiglie per consumi energetici per fonte (euro)","PELLETS","pellets","2013","2013",467,,
"ITF1","Abruzzo","ENER_SOUR_EXP","spese delle famiglie per consumi energetici per fonte (migliaia di euro)","ALL","tutte le voci","2013","2013",899437,,
"ITF1","Abruzzo","ENER_SOUR_EXP","spese delle famiglie per consumi energetici per fonte (migliaia di euro)","H_OIL","gasolio","2013","2013",,"n","dato statisticamente non significativo (vedasi metadati di dataset)"
"ITF1","Abruzzo","ENER_SOUR_EXP","spese delle famiglie per consumi energetici per fonte (migliaia di euro)","LPG","Gpl (Gas Petrolio Liquefatto)","2013","2013",42889,,
"ITF1","Abruzzo","ENER_SOUR_EXP","spese delle famiglie per consumi energetici per fonte (migliaia di euro)","ELECTR","energia elettrica","2013","2013",310286,,
"ITF1","Abruzzo","ENER_SOUR_EXP","spese delle famiglie per consumi energetici per fonte (migliaia di euro)","METAN","metano","2013","2013",458222,,
"ITF1","Abruzzo","ENER_SOUR_EXP_AV","spesa media effettiva delle famiglie per consumi energetici per fonte (euro)","H_OIL","gasolio","2013","2013",505,,
"ITF1","Abruzzo","ENER_SOUR_EXP_AV","spesa media effettiva delle famiglie per consumi energetici per fonte (euro)","LPG","Gpl (Gas Petrolio Liquefatto)","2013","2013",546,,
"ITF1","Abruzzo","ENER_SOUR_EXP_AV","spesa media effettiva delle famiglie per consumi energetici per fonte (euro)","ELECTR","energia elettrica","2013","2013",552,,
"ITF1","Abruzzo","ENER_SOUR_EXP_AV","spesa media effettiva delle famiglie per consumi energetici per fonte (euro)","METAN","metano","2013","2013",922,,
"ITF1","Abruzzo","ENER_SOUR_EXP_AV","spesa media effettiva delle famiglie per consumi energetici per fonte (euro)","FIREWOOD","legna","2013","2013",518,,
"ITF1","Abruzzo","ENER_SOUR_EXP_AV","spesa media effettiva delle famiglie per consumi energetici per fonte (euro)","PELLETS","pellets","2013","2013",539,,
"ITF2","Molise","ENER_SOUR_EXP","spese delle famiglie per consumi energetici per fonte (migliaia di euro)","ALL","tutte le voci","2013","2013",204048,,
"ITF2","Molise","ENER_SOUR_EXP","spese delle famiglie per consumi energetici per fonte (migliaia di euro)","H_OIL","gasolio","2013","2013",,"n","dato statisticamente non significativo (vedasi metadati di dataset)"
"ITF2","Molise","ENER_SOUR_EXP","spese delle famiglie per consumi energetici per fonte (migliaia di euro)","LPG","Gpl (Gas Petrolio Liquefatto)","2013","2013",5962,,
"ITF2","Molise","ENER_SOUR_EXP","spese delle famiglie per consumi energetici per fonte (migliaia di euro)","ELECTR","energia elettrica","2013","2013",72710,,
"ITF2","Molise","ENER_SOUR_EXP","spese delle famiglie per consumi energetici per fonte (migliaia di euro)","METAN","metano","2013","2013",104733,,
"ITF2","Molise","ENER_SOUR_EXP_AV","spesa media effettiva delle famiglie per consumi energetici per fonte (euro)","H_OIL","gasolio","2013","2013",862,,
"ITF2","Molise","ENER_SOUR_EXP_AV","spesa media effettiva delle famiglie per consumi energetici per fonte (euro)","LPG","Gpl (Gas Petrolio Liquefatto)","2013","2013",276,,
"ITF2","Molise","ENER_SOUR_EXP_AV","spesa media effettiva delle famiglie per consumi energetici per fonte (euro)","ELECTR","energia elettrica","2013","2013",555,,
"ITF2","Molise","ENER_SOUR_EXP_AV","spesa media effettiva delle famiglie per consumi energetici per fonte (euro)","METAN","metano","2013","2013",954,,
"ITF2","Molise","ENER_SOUR_EXP_AV","spesa media effettiva delle famiglie per consumi energetici per fonte (euro)","FIREWOOD","legna","2013","2013",711,,
"ITF2","Molise","ENER_SOUR_EXP_AV","spesa media effettiva delle famiglie per consumi energetici per fonte (euro)","PELLETS","pellets","2013","2013",534,,
"ITF3","Campania","ENER_SOUR_EXP","spese delle famiglie per consumi energetici per fonte (migliaia di euro)","ALL","tutte le voci","2013","2013",2922781,,
"ITF3","Campania","ENER_SOUR_EXP","spese delle famiglie per consumi energetici per fonte (migliaia di euro)","H_OIL","gasolio","2013","2013",39411,,
"ITF3","Campania","ENER_SOUR_EXP","spese delle famiglie per consumi energetici per fonte (migliaia di euro)","LPG","Gpl (Gas Petrolio Liquefatto)","2013","2013",322051,,
"ITF3","Campania","ENER_SOUR_EXP","spese delle famiglie per consumi energetici per fonte (migliaia di euro)","ELECTR","energia elettrica","2013","2013",1341000,,
"ITF3","Campania","ENER_SOUR_EXP","spese delle famiglie per consumi energetici per fonte (migliaia di euro)","METAN","metano","2013","2013",972679,,
"ITF3","Campania","ENER_SOUR_EXP_AV","spesa media effettiva delle famiglie per consumi energetici per fonte (euro)","H_OIL","gasolio","2013","2013",835,,
"ITF3","Campania","ENER_SOUR_EXP_AV","spesa media effettiva delle famiglie per consumi energetici per fonte (euro)","LPG","Gpl (Gas Petrolio Liquefatto)","2013","2013",382,,
"ITF3","Campania","ENER_SOUR_EXP_AV","spesa media effettiva delle famiglie per consumi energetici per fonte (euro)","ELECTR","energia elettrica","2013","2013",622,,
"ITF3","Campania","ENER_SOUR_EXP_AV","spesa media effettiva delle famiglie per consumi energetici per fonte (euro)","METAN","metano","2013","2013",662,,
"ITF3","Campania","ENER_SOUR_EXP_AV","spesa media effettiva delle famiglie per consumi energetici per fonte (euro)","FIREWOOD","legna","2013","2013",643,,
"ITF3","Campania","ENER_SOUR_EXP_AV","spesa media effettiva delle famiglie per consumi energetici per fonte (euro)","PELLETS","pellets","2013","2013",491,,
"ITF4","Puglia","ENER_SOUR_EXP","spese delle famiglie per consumi energetici per fonte (migliaia di euro)","ALL","tutte le voci","2013","2013",2212700,,
"ITF4","Puglia","ENER_SOUR_EXP","spese delle famiglie per consumi energetici per fonte (migliaia di euro)","H_OIL","gasolio","2013","2013",52912,,
"ITF4","Puglia","ENER_SOUR_EXP","spese delle famiglie per consumi energetici per fonte (migliaia di euro)","LPG","Gpl (Gas Petrolio Liquefatto)","2013","2013",98547,,
"ITF4","Puglia","ENER_SOUR_EXP","spese delle famiglie per consumi energetici per fonte (migliaia di euro)","ELECTR","energia elettrica","2013","2013",933421,,
"ITF4","Puglia","ENER_SOUR_EXP","spese delle famiglie per consumi energetici per fonte (migliaia di euro)","METAN","metano","2013","2013",1059807,,
"ITF4","Puglia","ENER_SOUR_EXP_AV","spesa media effettiva delle famiglie per consumi energetici per fonte (euro)","H_OIL","gasolio","2013","2013",915,,
"ITF4","Puglia","ENER_SOUR_EXP_AV","spesa media effettiva delle famiglie per consumi energetici per fonte (euro)","LPG","Gpl (Gas Petrolio Liquefatto)","2013","2013",349,,
"ITF4","Puglia","ENER_SOUR_EXP_AV","spesa media effettiva delle famiglie per consumi energetici per fonte (euro)","ELECTR","energia elettrica","2013","2013",592,,
"ITF4","Puglia","ENER_SOUR_EXP_AV","spesa media effettiva delle famiglie per consumi energetici per fonte (euro)","METAN","metano","2013","2013",793,,
"ITF4","Puglia","ENER_SOUR_EXP_AV","spesa media effettiva delle famiglie per consumi energetici per fonte (euro)","FIREWOOD","legna","2013","2013",325,,
"ITF4","Puglia","ENER_SOUR_EXP_AV","spesa media effettiva delle famiglie per consumi energetici per fonte (euro)","PELLETS","pellets","2013","2013",610,,
"ITF5","Basilicata","ENER_SOUR_EXP","spese delle famiglie per consumi energetici per fonte (migliaia di euro)","ALL","tutte le voci","2013","2013",346481,,
"ITF5","Basilicata","ENER_SOUR_EXP","spese delle famiglie per consumi energetici per fonte (migliaia di euro)","H_OIL","gasolio","2013","2013",,"n","dato statisticamente non significativo (vedasi metadati di dataset)"
"ITF5","Basilicata","ENER_SOUR_EXP","spese delle famiglie per consumi energetici per fonte (migliaia di euro)","LPG","Gpl (Gas Petrolio Liquefatto)","2013","2013",20432,,
"ITF5","Basilicata","ENER_SOUR_EXP","spese delle famiglie per consumi energetici per fonte (migliaia di euro)","ELECTR","energia elettrica","2013","2013",121253,,
"ITF5","Basilicata","ENER_SOUR_EXP","spese delle famiglie per consumi energetici per fonte (migliaia di euro)","METAN","metano","2013","2013",159611,,
"ITF5","Basilicata","ENER_SOUR_EXP_AV","spesa media effettiva delle famiglie per consumi energetici per fonte (euro)","H_OIL","gasolio","2013","2013",2502,,
"ITF5","Basilicata","ENER_SOUR_EXP_AV","spesa media effettiva delle famiglie per consumi energetici per fonte (euro)","LPG","Gpl (Gas Petrolio Liquefatto)","2013","2013",376,,
"ITF5","Basilicata","ENER_SOUR_EXP_AV","spesa media effettiva delle famiglie per consumi energetici per fonte (euro)","ELECTR","energia elettrica","2013","2013",520,,
"ITF5","Basilicata","ENER_SOUR_EXP_AV","spesa media effettiva delle famiglie per consumi energetici per fonte (euro)","METAN","metano","2013","2013",858,,
"ITF5","Basilicata","ENER_SOUR_EXP_AV","spesa media effettiva delle famiglie per consumi energetici per fonte (euro)","FIREWOOD","legna","2013","2013",721,,
"ITF5","Basilicata","ENER_SOUR_EXP_AV","spesa media effettiva delle famiglie per consumi energetici per fonte (euro)","PELLETS","pellets","2013","2013",425,,
"ITF6","Calabria","ENER_SOUR_EXP","spese delle famiglie per consumi energetici per fonte (migliaia di euro)","ALL","tutte le voci","2013","2013",1161997,,
"ITF6","Calabria","ENER_SOUR_EXP","spese delle famiglie per consumi energetici per fonte (migliaia di euro)","H_OIL","gasolio","2013","2013",10027,,
"ITF6","Calabria","ENER_SOUR_EXP","spese delle famiglie per consumi energetici per fonte (migliaia di euro)","LPG","Gpl (Gas Petrolio Liquefatto)","2013","2013",126783,,
"ITF6","Calabria","ENER_SOUR_EXP","spese delle famiglie per consumi energetici per fonte (migliaia di euro)","ELECTR","energia elettrica","2013","2013",509778,,
"ITF6","Calabria","ENER_SOUR_EXP","spese delle famiglie per consumi energetici per fonte (migliaia di euro)","METAN","metano","2013","2013",372022,,
"ITF6","Calabria","ENER_SOUR_EXP_AV","spesa media effettiva delle famiglie per consumi energetici per fonte (euro)","H_OIL","gasolio","2013","2013",861,,
"ITF6","Calabria","ENER_SOUR_EXP_AV","spesa media effettiva delle famiglie per consumi energetici per fonte (euro)","LPG","Gpl (Gas Petrolio Liquefatto)","2013","2013",359,,
"ITF6","Calabria","ENER_SOUR_EXP_AV","spesa media effettiva delle famiglie per consumi energetici per fonte (euro)","ELECTR","energia elettrica","2013","2013",639,,
"ITF6","Calabria","ENER_SOUR_EXP_AV","spesa media effettiva delle famiglie per consumi energetici per fonte (euro)","METAN","metano","2013","2013",793,,
"ITF6","Calabria","ENER_SOUR_EXP_AV","spesa media effettiva delle famiglie per consumi energetici per fonte (euro)","FIREWOOD","legna","2013","2013",625,,
"ITF6","Calabria","ENER_SOUR_EXP_AV","spesa media effettiva delle famiglie per consumi energetici per fonte (euro)","PELLETS","pellets","2013","2013",477,,
"ITG1","Sicilia","ENER_SOUR_EXP","spese delle famiglie per consumi energetici per fonte (migliaia di euro)","ALL","tutte le voci","2013","2013",2564383,,
"ITG1","Sicilia","ENER_SOUR_EXP","spese delle famiglie per consumi energetici per fonte (migliaia di euro)","H_OIL","gasolio","2013","2013",21567,,
"ITG1","Sicilia","ENER_SOUR_EXP","spese delle famiglie per consumi energetici per fonte (migliaia di euro)","LPG","Gpl (Gas Petrolio Liquefatto)","2013","2013",216050,,
"ITG1","Sicilia","ENER_SOUR_EXP","spese delle famiglie per consumi energetici per fonte (migliaia di euro)","ELECTR","energia elettrica","2013","2013",1364016,,
"ITG1","Sicilia","ENER_SOUR_EXP","spese delle famiglie per consumi energetici per fonte (migliaia di euro)","METAN","metano","2013","2013",897942,,
"ITG1","Sicilia","ENER_SOUR_EXP_AV","spesa media effettiva delle famiglie per consumi energetici per fonte (euro)","H_OIL","gasolio","2013","2013",986,,
"ITG1","Sicilia","ENER_SOUR_EXP_AV","spesa media effettiva delle famiglie per consumi energetici per fonte (euro)","LPG","Gpl (Gas Petrolio Liquefatto)","2013","2013",259,,
"ITG1","Sicilia","ENER_SOUR_EXP_AV","spesa media effettiva delle famiglie per consumi energetici per fonte (euro)","ELECTR","energia elettrica","2013","2013",671,,
"ITG1","Sicilia","ENER_SOUR_EXP_AV","spesa media effettiva delle famiglie per consumi energetici per fonte (euro)","METAN","metano","2013","2013",698,,
"ITG1","Sicilia","ENER_SOUR_EXP_AV","spesa media effettiva delle famiglie per consumi energetici per fonte (euro)","FIREWOOD","legna","2013","2013",499,,
"ITG1","Sicilia","ENER_SOUR_EXP_AV","spesa media effettiva delle famiglie per consumi energetici per fonte (euro)","PELLETS","pellets","2013","2013",247,,
"ITG2","Sardegna","ENER_SOUR_EXP","spese delle famiglie per consumi energetici per fonte (migliaia di euro)","ALL","tutte le voci","2013","2013",1085349,,
"ITG2","Sardegna","ENER_SOUR_EXP","spese delle famiglie per consumi energetici per fonte (migliaia di euro)","H_OIL","gasolio","2013","2013",167498,,
"ITG2","Sardegna","ENER_SOUR_EXP","spese delle famiglie per consumi energetici per fonte (migliaia di euro)","LPG","Gpl (Gas Petrolio Liquefatto)","2013","2013",265907,,
"ITG2","Sardegna","ENER_SOUR_EXP","spese delle famiglie per consumi energetici per fonte (migliaia di euro)","ELECTR","energia elettrica","2013","2013",535117,,
"ITG2","Sardegna","ENER_SOUR_EXP_AV","spesa media effettiva delle famiglie per consumi energetici per fonte (euro)","H_OIL","gasolio","2013","2013",1137,,
"ITG2","Sardegna","ENER_SOUR_EXP_AV","spesa media effettiva delle famiglie per consumi energetici per fonte (euro)","LPG","Gpl (Gas Petrolio Liquefatto)","2013","2013",382,,
"ITG2","Sardegna","ENER_SOUR_EXP_AV","spesa media effettiva delle famiglie per consumi energetici per fonte (euro)","ELECTR","energia elettrica","2013","2013",753,,
"ITG2","Sardegna","ENER_SOUR_EXP_AV","spesa media effettiva delle famiglie per consumi energetici per fonte (euro)","FIREWOOD","legna","2013","2013",470,,
"ITG2","Sardegna","ENER_SOUR_EXP_AV","spesa media effettiva delle famiglie per consumi energetici per fonte (euro)","PELLETS","pellets","2013","2013",418,,
